id,idx,checkable,has_link,sentence,verdict,add_label,add_url,notes
C001,0,1,0,The Qing court confined Western trade to Canton from 1757.,,,,
C001,1,0,0,"Every foreign ship needed a licensed hong merchant to stand surety for its conduct and its duties, and foreigners lived in a strip of factories outside the city walls for the trading season.",,,,
C001,2,1,0,The Empress of China had sailed from New York in February 1784 and traded ginseng for tea and silk under those rules.,,,,
C002,0,0,0,The American merchants tried Terranova aboard ship and refused to hand him over.,,,,
C002,1,0,0,Qing officials stopped all American trade until they did.,,,,
C002,2,1,0,"The merchants surrendered him, a Qing court convicted him, and officials executed him by strangulation in October 1821.",,,,
C003,0,1,0,"American houses carried Turkish opium and held a minority share of the trade, and Russell and Company made fortunes for partners such as Warren Delano Jr. Lin confined the foreign community in its factories until it surrendered its stock in the spring of 1839.",,,,
C003,1,1,0,"The Americans kept trading as neutral carriers after the British withdrew, and the war that followed opened five ports under the Treaty of Nanjing in 1842.",,,,
C004,0,0,0,"The treaty gave American consuls jurisdiction over American citizens in the open ports, and it granted the United States any privilege another power won later.",,,,
C004,1,0,0,It also declared opium contraband and left American opium traders to Qing law.,,,,
C004,2,1,0,The United States gave up extraterritorial rights in China by a treaty with the Republic of China in January 1943.,,,,
C005,0,0,0,"American shipowners had carried Chinese laborers under contract to Cuba and Peru, where many worked off debts on plantations and in guano pits.",,,,
C005,1,1,0,"American diplomats in China reported kidnapping, deaths and mutinies in the traffic.",,,,
C005,2,0,0,"The act made carrying such laborers in American vessels a crime, and it required a consul to certify that each emigrant left freely.",,,,
C006,0,0,0,Chinese crews made up most of the Central Pacific's workforce on the Sierra grade and earned less than white crews for the same work.,,,,
C006,1,0,0,"Charles Crocker cut off food and supplies to the camps, and the strike ended within about a week.",,,,
C006,2,0,0,"The company's records of the week are thin, and the workers left no written account of their own.",,,,
C007,0,1,0,"Burlingame negotiated a treaty with Secretary of State William Seward that the two sides signed on July 28, 1868.",,,,
C007,1,0,0,"It recognized the right of free migration and promised reciprocal access to schools, and it withheld naturalization.",,,,
C007,2,1,0,"Congress reversed the migration promise within fourteen years, and Burlingame died on the mission in St. Petersburg in 1870.",,,,
C008,0,1,0,"Yung Wing, Yale's first Chinese graduate, had persuaded the court to send 120 boys to New England between 1872 and 1875.",,,,
C008,1,1,0,"The mission's conservative commissioner warned that the boys were becoming American, and the United States refused to admit any of them to West Point or Annapolis in 1878.",,,,
C008,2,1,0,"The court ordered the mission home in 1881, and Zhan later built the Beijing to Zhangjiakou railway without foreign engineers.",,,,
C009,0,1,0,"The Chinese Exclusion Act of May 6, 1882, suspended the entry of Chinese laborers and barred Chinese immigrants from naturalization.",,,,
C009,1,1,0,The Geary Act of 1892 extended the ban and required every Chinese laborer to carry a certificate of residence on pain of arrest and deportation.,,,,
C009,2,1,0,"The Supreme Court upheld the certificate in Fong Yue Ting v. United States in 1893, and Congress repealed exclusion only in December 1943.",,,,
C010,0,0,0,"San Francisco required a permit to run a laundry in a wooden building, and the supervisors refused all of some two hundred Chinese applicants.",,,,
C010,1,0,0,They granted all but one of about eighty applications from non-Chinese owners.,,,,
C010,2,1,0,"The Supreme Court ruled on May 10, 1886, that the Fourteenth Amendment protects every person within the jurisdiction and that a law applied with an evil eye and an unequal hand violates it.",,,,
C011,0,0,0,The government argued that a child of Chinese subjects born on American soil was not a citizen.,,,,
C011,1,0,0,The Supreme Court held by six votes to two that the Fourteenth Amendment made Wong a citizen by birth.,,,,
C011,2,1,0,"The Court ruled on March 28, 1898.",,,,
C012,0,1,0,"Shanghai merchants called a boycott of American goods in May 1905 unless Washington eased the exclusion laws, and the boycott began that July.",,,,
C012,1,0,0,"Students, guilds and overseas Chinese communities spread it from Shanghai to Canton and beyond.",,,,
C012,2,1,0,"The Qing court banned the boycott at the end of August under American pressure, and it faded in the south during 1906.",,,,
C013,0,1,0,"Congress authorized the return of about $11 million of the American Boxer indemnity in May 1908, and the Qing court agreed to spend it on students bound for the United States.",,,,
C013,1,1,0,"The first scholars sailed in 1909, and the preparatory school that opened in Beijing in 1911 became Tsinghua.",,,,
C013,2,0,0,"Hu Shih, Chao Yuen Ren and Qian Xuesen all studied in America on the indemnity.",,,,
C014,0,1,0,"Sun joined the Chee Kung Tong, a secret society with lodges in American Chinatowns, in Honolulu in 1904 and used its network to raise funds.",,,,
C014,1,0,0,"Laundrymen, cooks and merchants in American cities paid for much of the revolutionary league's work.",,,,
C014,2,1,0,The Party merged its Overseas Chinese Affairs Office into the United Front Work Department in 2018.,,,,
C015,0,1,0,Woodrow Wilson agreed at the end of April 1919 to let Japan keep the German rights in Shandong.,,,,
C015,1,1,0,The Republic of China's delegates refused to sign the Treaty of Versailles that June.,,,,
C015,2,1,0,"Soviet Russia's Karakhan Manifesto of July 1919 offered to give up Tsarist privileges in China, and the offer reached Chinese readers in March 1920.",,,,
C016,0,0,0,"Hendricus Sneevliet, known as Maring, represented the Communist International at the first congress.",,,,
C016,1,1,0,The Party joined the Comintern as its Chinese section in 1922 and took its directives.,,,,
C016,2,1,0,Chen Duxiu reported to Moscow in June 1922 that the Comintern had supplied almost all of the Party's spending since the previous October.,,,,
C017,0,0,0,"The Comintern directed Party members to join the Nationalists as individuals while keeping their own organization, and the Soviet adviser Mikhail Borodin helped rebuild the Nationalist Party on Leninist lines.",,,,
C017,1,0,0,"Communists rose to posts in its propaganda, peasant and labor departments.",,,,
C017,2,1,0,"Chiang Kai-shek struck in Shanghai on April 12, 1927, and the purge that followed killed thousands of Communists and labor activists.",,,,
C018,0,0,0,The purge targeted an alleged Anti-Bolshevik League inside the Jiangxi Soviet and drew confessions by torture.,,,,
C018,1,0,0,The Party executed thousands of its own members and soldiers in the Jiangxi base in the months after.,,,,
C018,2,0,0,Later official Party histories describe the campaign as an error of excess.,,,,
C019,0,1,0,"The Party arranged Snow's passage into its base in the summer of 1936, and he stayed about four months.",,,,
C019,1,1,0,"Red Star Over China appeared in London in 1937 and in New York in January 1938, and a Chinese translation drew young volunteers to Yan'an.",,,,
C019,2,0,0,The book set the Western picture of the Party for a decade.,,,,
C020,0,1,0,"Imperial Japanese forces took Nanjing on December 13, 1937, and killed civilians and prisoners on a mass scale in the weeks after.",,,,
C020,1,0,0,"A committee of about two dozen Westerners ran a safety zone, and Vautrin's campus sheltered about ten thousand women and children at its peak.",,,,
C020,2,0,0,"The missionary John Magee filmed victims in the city's hospital, and George Fitch smuggled the film to Shanghai sewn into his coat.",,,,
C021,0,0,0,"The Party's border region grew poppy under the euphemism of a special product, bought the harvest through its own agencies and sold the opium into Nationalist-held territory.",,,,
C021,1,0,0,It banned opium use inside its own areas.,,,,
C021,2,0,0,"Senior leaders argued over the policy in writing, as Xie Juezai's diary published in China records.",,,,
C022,0,1,0,"Mao launched the Rectification Movement that spring, and Party meetings denounced Wang as a Trotskyite through May and June 1942.",,,,
C022,1,1,0,"The Party expelled Wang and held him under guard, and its security forces executed him in 1947.",,,,
C022,2,1,0,The Ministry of Public Security concluded in 1991 that the Trotskyite charge had no basis.,,,,
C023,0,0,0,Japanese propaganda cited the exclusion laws to tell Chinese audiences that their American ally despised them.,,,,
C023,1,0,0,"Roosevelt asked Congress to repeal the laws as a war measure, and the Magnuson Act allowed Chinese immigrants to naturalize.",,,,
C023,2,1,0,It set a quota of 105 entries a year.,,,,
C024,0,0,0,Wu worked on radiation detection and the enrichment of uranium.,,,,
C024,1,1,0,"When the Hanford production reactor stalled in 1944, Enrico Fermi's team consulted her unpublished work on xenon, the fission product that was poisoning the reactor.",,,,
C024,2,1,0,"She became a citizen in 1954, and her experiment of 1957 overturned the conservation of parity.",,,,
C025,0,0,0,"The Party hosted the observers with open access to its leaders and its base, and Mao told John Service that the Party wanted American cooperation after the war.",,,,
C025,1,0,0,Service's reports praised the Party's discipline and contrasted it with Nationalist corruption.,,,,
C025,2,0,0,"Ambassador Patrick Hurley opposed working with the Party, and the mission's advocates later lost their careers in the purge of the China hands.",,,,
C026,0,0,0,"The agreement promised the Soviet Union a lease on Port Arthur, preeminent interests in Dairen and joint operation of the Manchurian railways.",,,,
C026,1,0,0,Roosevelt undertook to obtain Chiang's concurrence later.,,,,
C026,2,1,0,"Soviet forces entered Manchuria on August 9, 1945, and the Party's troops moved in behind them as the Kwantung Army collapsed.",,,,
C027,0,0,0,Agents had found hundreds of classified government documents in the magazine's New York office.,,,,
C027,1,0,0,"Earlier warrantless entries by OSS officers and FBI agents weakened the case, and a grand jury declined to indict the diplomat John Service.",,,,
C027,2,1,0,"Jaffe paid a fine of $2,500, and no one went to prison.",,,,
C028,0,0,0,"Marshall set up truce teams of American, Nationalist and Communist officers to police the ceasefire.",,,,
C028,1,0,0,Fighting resumed in Manchuria that spring as both sides raced for the ground the Soviets left.,,,,
C028,2,1,0,Marshall left China in January 1947 and blamed extremists on both sides for the failure.,,,,
C029,0,1,0,"The Nationalist government issued the gold yuan on August 19, 1948.",,,,
C029,1,0,0,"It froze prices and ordered citizens to exchange their gold, silver and foreign currency.",,,,
C029,2,0,0,"Chiang Ching-kuo arrested speculators, the price freeze broke within weeks, and the currency collapsed before the year was out.",,,,
C030,0,0,0,The Party held Ward and his staff under house arrest for about a year.,,,,
C030,1,1,0,"In October 1949 it arrested Ward on a charge of assaulting a Chinese employee, convicted him and expelled him that December.",,,,
C030,2,0,0,Washington protested and could do nothing else.,,,,
C031,0,1,0,Joseph McCarthy's speech at Wheeling in February 1950 opened a campaign against the diplomats who had reported on the Party.,,,,
C031,1,1,0,"The department dismissed John Paton Davies in 1954, and John Carter Vincent and O. Edmund Clubb also left under charges of disloyalty that no one proved.",,,,
C031,2,1,0,"The Supreme Court restored Service's case in 1957, after the department had lost its China specialists.",,,,
C032,0,1,0,"The Agrarian Reform Law of June 30, 1950, carried the base-area practice across the mainland.",,,,
C032,1,0,0,"Work teams classified every household by class and staged mass accusation meetings against landlords, many of which ended in beatings and executions.",,,,
C032,2,0,0,Scholarly estimates of the dead run from several hundred thousand to two million or more.,,,,
C033,0,1,0,"Washington discounted the message, and American troops crossed the parallel in early October.",,,,
C033,1,1,0,The Party's forces crossed the Yalu under the name Chinese People's Volunteers from October 19 and struck United Nations troops at Unsan and later at the Chosin Reservoir.,,,,
C033,2,0,0,The name let the Party fight a war it never declared.,,,,
C034,0,1,0,"The Party launched the Five-Anti campaign in January 1952 against five offenses it charged to private business, from bribery and tax evasion to theft of economic information.",,,,
C034,1,0,0,"Work teams and employees denounced owners in mass meetings, and many business owners killed themselves under the pressure.",,,,
C034,2,1,0,"By 1956 the Party had brought private industry under joint state ownership, and Rong later founded CITIC in 1979 to court foreign capital.",,,,
C035,0,1,0,North Korea's foreign minister and then Zhou Enlai accused the United States in early 1952 of dropping infected insects and other agents.,,,,
C035,1,1,0,"Captured American airmen signed confessions under duress, and the International Scientific Commission endorsed the charge that September.",,,,
C035,2,1,0,Soviet documents published in 1998 showed that officials had fabricated the evidence.,,,,
C036,0,1,0,"The Party announced their sentences in November 1954, life for Downey and twenty years for Fecteau.",,,,
C036,1,0,0,Washington insisted they were Army civilians and denied the CIA link for two decades.,,,,
C036,2,1,0,"Fecteau walked out in December 1971, and Downey went free in March 1973 after Richard Nixon publicly acknowledged his CIA employment.",,,,
C037,0,1,0,"About two thirds of the roughly 21,000 Chinese prisoners in United Nations Command camps refused repatriation.",,,,
C037,1,0,0,Many were former Nationalist soldiers the Party had absorbed.,,,,
C037,2,1,0,"The dispute over voluntary repatriation kept the war going for more than a year, and about 14,000 of the prisoners reached Taiwan in January 1954.",,,,
C038,0,1,0,"Captors had subjected American prisoners to daily indoctrination and pressure to inform on one another, and some prisoners signed confessions.",,,,
C038,1,1,0,The journalist Edward Hunter had popularized the word brainwashing in 1950.,,,,
C038,2,1,0,"Dwight Eisenhower signed Executive Order 10631 on August 17, 1955, and gave every service member the Code of Conduct.",,,,
C039,0,1,0,"The shelling of Kinmen had begun the previous September, and the United States had signed a mutual defense treaty with the Republic of China in December 1954.",,,,
C039,1,0,0,Congress passed the Formosa Resolution within days of Yijiangshan and authorized the president in advance to use force to defend Taiwan and the Pescadores.,,,,
C039,2,1,0,"Eisenhower signed it on January 29, 1955.",,,,
C040,0,1,0,"The government had revoked Qian's clearance that June on suspicion of Communist Party ties, a charge he denied.",,,,
C040,1,1,0,"Officials held him under restrictions close to house arrest for five years and let him sail for the mainland in September 1955, in a trade tied to the release of American prisoners.",,,,
C040,2,0,0,Qian went on to lead the People's Republic's missile program.,,,,
C041,0,0,0,The Immigration and Naturalization Service offered Chinese Americans who had entered on false papers a chance to confess in exchange for possible adjustment of status.,,,,
C041,1,0,0,"A confession had to name every relative in the same paper family, and the service used the files against people it suspected of leftist politics.",,,,
C041,2,1,0,About thirty thousand people confessed before the program ended in 1965.,,,,
C042,0,1,0,"Mao invited criticism of the Party in the spring of 1957, and intellectuals answered with posters and speeches.",,,,
C042,1,1,0,"On June 8 the People's Daily turned on the critics, and the Anti-Rightist Campaign labeled more than 550,000 people rightists.",,,,
C042,2,0,0,Many spent two decades in labor camps and internal exile.,,,,
C043,0,0,0,Tens of thousands of shells fell on the island on the first day.,,,,
C043,1,1,0,"The Seventh Fleet escorted Nationalist resupply convoys from early September, and Nationalist pilots scored the first combat kills with American Sidewinder missiles on September 24.",,,,
C043,2,1,0,"In October the Party announced it would shell only on odd-numbered days, and the ritual lasted until January 1, 1979.",,,,
C044,0,1,0,"Mao circulated the letter and attacked Peng on July 23, and the conference purged him as the leader of an anti-Party clique.",,,,
C044,1,1,0,"The campaign against right opportunism that followed punished cadres who reported shortfalls, and grain procurement continued at inflated targets.",,,,
C044,2,1,0,Scholarly estimates of deaths in the famine of 1959 to 1961 range from about fifteen million to forty-five million.,,,,
C045,0,1,0,"Tibetans had risen against Party rule in Lhasa on March 10, and Party artillery shelled the city after the Dalai Lama left.",,,,
C045,1,1,0,"Two CIA-trained Tibetans radioed news of his flight, and the agency trained Tibetan fighters at Camp Hale in Colorado from 1958 to 1964.",,,,
C045,2,1,0,Washington wound the program down as it moved toward the Party in the late 1960s and early 1970s.,,,,
C046,0,1,0,"Famine and a loosened border sent tens of thousands of people from Guangdong into Hong Kong in April and May 1962, and Hong Kong's government returned most of them.",,,,
C046,1,0,0,Kennedy used the attorney general's parole power to admit refugees outside the quota system.,,,,
C046,2,0,0,About fifteen thousand arrived over the next three years.,,,,
C047,0,0,0,American intelligence had tracked the test site at Lop Nur and judged a test likely within months.,,,,
C047,1,1,0,"The Party detonated its first device on October 16, 1964, two days after Nikita Khrushchev lost power in Moscow.",,,,
C047,2,1,0,Lyndon Johnson's statement that day said the test came as no surprise to the government.,,,,
C048,0,1,0,"The Party sent engineering, railway and anti-aircraft units to North Vietnam from June 1965 and withdrew them by 1969.",,,,
C048,1,1,0,"Chinese sources put the total who served at about 320,000, with a peak near 170,000 in 1967.",,,,
C048,2,0,0,"American intelligence tracked the deployments, and Washington kept them out of public view.",,,,
C049,0,1,0,Rittenberg came to China as an Army linguist in 1945 and stayed to serve the Party.,,,,
C049,1,1,0,"The Party had already imprisoned him from 1949 to 1955 on a false spy charge, and it held him again from 1968 to 1977.",,,,
C049,2,1,0,He left for the United States in 1980 and later advised American firms on business in China.,,,,
C050,0,1,0,The Party had labeled Lin a rightist at Peking University in 1957 and arrested her in 1960.,,,,
C050,1,0,0,"In prison she wrote essays and letters, some in her own blood, rejecting the Party's claim on her conscience.",,,,
C050,2,0,0,"Her family learned of her death when an official came to collect a fee for the bullet, according to accounts the filmmaker Hu Jie gathered.",,,,
C051,0,0,0,"Zhuang Zedong, a three-time world champion, greeted him on the bus and gave him a silk-screen of the Huangshan mountains.",,,,
C051,1,1,0,"Mao Zedong approved an invitation to the American team two days later, and the players crossed from Hong Kong on April 10.",,,,
C051,2,1,0,Zhou Enlai received them in the Great Hall of the People on April 14.,,,,
C051,3,1,0,Richard Nixon announced steps to ease the trade embargo on the same day.,,,,
C052,0,1,0,"The flight ran through the channel of Yahya Khan, Pakistan's military ruler, whose army had begun a crackdown in East Pakistan that March.",,,,
C052,1,1,0,"Kissinger spent about seventeen hours in talks with Zhou Enlai, and Nixon announced on July 15 that he would visit the People's Republic.",,,,
C052,2,1,0,"On April 6 the consul general in Dacca, Archer Blood, had cabled a formal dissent against American silence on the killings.",,,,
C052,3,1,0,The State Department recalled Blood that June.,,,,
C053,0,1,0,The Assembly adopted Resolution 2758 by 76 votes to 35 with 17 abstentions.,,,,
C053,1,1,0,The text seated the representatives of the People's Republic and expelled the representatives of Chiang Kai-shek.,,,,
C053,2,0,0,It never mentions Taiwan and decides nothing about the island's status.,,,,
C053,3,0,0,The Party now cites the resolution as proof of its claim to Taiwan and uses it to keep Taiwanese passport holders and journalists out of United Nations buildings and meetings.,,,,
C053,4,1,0,In 2024 the State Department and several legislatures rejected that reading.,,,,
C054,0,1,0,"The Shanghai Communiqué of February 28, 1972 states that the United States acknowledges that all Chinese on either side of the Taiwan Strait maintain there is but one China, and that it does not challenge that position.",,,,
C054,1,0,0,"The Chinese text renders the verb as renshi dao, which means to come to understand.",,,,
C054,2,1,0,"The Chinese text of the 1979 normalization communiqué used chengren, the word for diplomatic recognition.",,,,
C054,3,1,0,"When senators raised the change in 1979, the administration answered that the English text governed.",,,,
C055,0,0,0,The poster argued that the Party's Four Modernizations would fail without democracy.,,,,
C055,1,0,0,Deng Xiaoping tolerated the wall while its posters attacked his rivals and told foreign visitors that the constitution allowed them.,,,,
C055,2,1,0,"In March 1979 Wei warned that Deng was becoming a new dictator, and police arrested him on March 29.",,,,
C055,3,1,0,A court sentenced him to fifteen years in October.,,,,
C055,4,1,0,In December the city moved the wall to a park and required every writer to register a name and workplace.,,,,
C055,5,1,0,In 1980 the National People's Congress struck the right to write big-character posters from the constitution.,,,,
C056,0,1,0,The photograph ran on front pages across the country during a visit that began with the signing of the Agreement on Cooperation in Science and Technology on January 31.,,,,
C056,1,0,0,The agreement framed four decades of joint research under dozens of agency protocols.,,,,
C056,2,1,0,It reached its renewal date in August 2023.,,,,
C056,3,1,0,After short extensions the State Department renewed it in December 2024 with a narrower scope that leaves out critical and emerging technologies.,,,,
C057,0,0,0,Carter handed Deng a letter the next morning that urged restraint.,,,,
C057,1,1,0,"The People's Liberation Army crossed the Vietnamese border on February 17, twelve days after Deng left the United States, and withdrew in March after heavy losses on both sides.",,,,
C057,2,0,0,Washington called for the army to leave Vietnam and for Vietnamese troops to leave Cambodia.,,,,
C058,0,1,0,"Recognition of the People's Republic on January 1, 1979 put the defense treaty with Taipei on a year's notice.",,,,
C058,1,1,0,"The administration sent Congress a bill that said little about security, and Congress rewrote it.",,,,
C058,2,0,0,"The Act treats any effort to decide Taiwan's future by other than peaceful means, including boycotts and embargoes, as a threat to the peace of the Western Pacific and of grave concern to the United States.",,,,
C058,3,0,0,"It commits Washington to provide defensive arms, and it created the American Institute in Taiwan to carry relations without an embassy.",,,,
C058,4,1,0,"The House passed the final bill 339 to 50, and the Senate 85 to 4.",,,,
C059,0,0,0,The United States had set no date to end arms sales to Taiwan and would not consult the Party on them.,,,,
C059,1,0,0,"It would not mediate, revise the Taiwan Relations Act, change its position on sovereignty or press Taipei to negotiate.",,,,
C059,2,1,0,Five weeks later the Joint Communiqué of August 17 said Washington intended to reduce arms sales over time.,,,,
C059,3,0,0,Ronald Reagan wrote in a memo the same day that any reduction depended on the Party's commitment to a peaceful solution.,,,,
C059,4,1,0,The memo stayed classified until 2020.,,,,
C060,0,1,0,"Chin was Chinese American, and witnesses said Ronald Ebens blamed him for auto jobs lost to Japanese imports.",,,,
C060,1,0,0,"He died four days later, days before his wedding.",,,,
C060,2,1,0,"A Wayne County judge gave Ebens and his stepson Michael Nitz three years' probation and fines of $3,000 each.",,,,
C060,3,1,0,"A federal jury convicted Ebens of a civil rights crime in 1984, but an appeals court overturned the verdict, and a second jury acquitted him in 1987.",,,,
C061,0,0,0,She told American officials she feared persecution at home and had resisted pressure to join the Party.,,,,
C061,1,0,0,The Party demanded her return and warned of harm to relations.,,,,
C061,2,1,0,"The Reagan administration granted her asylum on April 4, 1983.",,,,
C061,3,0,0,Three days later the Party canceled nineteen sports and cultural exchanges planned for the rest of the year.,,,,
C062,0,1,0,"Washington had already approved the sale of 24 Sikorsky Black Hawk helicopters, and artillery radars and torpedoes followed.",,,,
C062,1,1,0,"In 1986 the two governments agreed on Peace Pearl, a program worth about $550 million to fit American radar and fire-control systems to 55 J-8II interceptors.",,,,
C062,2,1,0,"George H. W. Bush suspended military sales on June 5, 1989.",,,,
C062,3,1,0,The Party withdrew from Peace Pearl in 1990 and bought Soviet Su-27 fighters instead.,,,,
C063,0,1,0,"The embassy had invited Fang, whose speeches had inspired the student protests of 1986, and the Party kept him from the President's table.",,,,
C063,1,1,0,After the massacre Fang and his wife Li Shuxian took refuge in the American embassy on June 5.,,,,
C063,2,1,0,The Party charged them with counterrevolutionary crimes and issued warrants for their arrest.,,,,
C063,3,1,0,They stayed inside for more than a year until the Party let them fly to Britain in June 1990.,,,,
C064,0,1,0,"State television rebroadcast his interview with a number for citizens to call, and two women reported him within hours.",,,,
C064,1,0,0,He appeared on television under arrest and recanted.,,,,
C064,2,1,0,A court sentenced him to ten years.,,,,
C064,3,1,0,"On June 13 the Ministry of Public Security issued a wanted list of 21 student leaders, and state television showed their photographs for days.",,,,
C065,0,1,0,George H. W. Bush had suspended military sales on June 5 and high-level exchanges on June 20.,,,,
C065,1,0,0,The trip broke his own suspension.,,,,
C065,2,0,0,Deng Xiaoping met the envoys and blamed the United States for the damage to relations.,,,,
C065,3,1,0,"The White House kept the trip hidden until December, when the same two men made a second and public visit and reporters traced the first.",,,,
C066,0,1,0,Coalition forces had broken Iraq's army in 1991 after six weeks of air war and a hundred hours on the ground.,,,,
C066,1,0,0,"Party military journals spent the years after on precision strike, satellites and battlefield networks.",,,,
C066,2,1,0,The 1993 guidelines made local war under high-technology conditions the basis for planning.,,,,
C066,3,1,0,"A 2004 revision changed the phrase to informatized conditions, and later defense white papers kept it.",,,,
C067,0,1,0,"Bush said he would protect the students by executive action, and his Executive Order 12711 of April 11, 1990 deferred their departure.",,,,
C067,1,0,0,"The House voted to override the veto, and the Senate fell four votes short.",,,,
C067,2,1,0,"In 1992 Congress passed the Chinese Student Protection Act, which let tens of thousands of students and scholars from the People's Republic apply for permanent residence.",,,,
C068,0,1,0,"American intelligence reported that the ship carried thiodiglycol and thionyl chloride, two precursors of mustard gas, bound for Iran.",,,,
C068,1,0,0,"Washington asked the Gulf states to deny the ship port entry, and it waited at sea for weeks.",,,,
C068,2,1,0,A joint Saudi and American inspection at Dammam in early September found neither chemical in its 628 containers.,,,,
C068,3,0,0,The United States declined to apologize.,,,,
C069,0,1,0,A year earlier his Executive Order 12850 had tied renewal to emigration and prison labor and to overall significant progress in five other areas.,,,,
C069,1,1,0,"The Party rearrested Wei Jingsheng on April 1, 1994, weeks after he met Assistant Secretary of State John Shattuck.",,,,
C069,2,1,0,Warren Christopher reported that the Party had met the two required conditions and fallen short on the rest.,,,,
C069,3,0,0,"American business groups lobbied hard for renewal, and Clinton chose trade.",,,,
C070,0,1,0,Wu had spent nineteen years in the Party's labor camps before he left for the United States in 1985.,,,,
C070,1,1,0,"He went back several times under cover and filmed camps whose goods reached export markets, and CBS aired his footage on 60 Minutes in 1991.",,,,
C070,2,1,0,"A court convicted him of espionage in August 1995 and sentenced him to fifteen years, and the Party expelled him the same day.",,,,
C070,3,0,0,Hillary Clinton flew to the women's conference in Beijing two weeks later.,,,,
C071,0,0,0,"Two state firms of the People's Republic held most of the equity, and relatives of Deng Xiaoping by marriage ran both.",,,,
C071,1,0,0,The Committee on Foreign Investment in the United States approved the sale on a pledge to keep production in the United States for at least five years.,,,,
C071,2,1,0,The company moved its lines to Tianjin and closed the Anderson plant in 2002.,,,,
C071,3,0,0,Congressional testimony tied its magnets to the guidance systems of American precision bombs.,,,,
C072,0,0,0,Security forces took the boy and his parents into custody within days.,,,,
C072,1,0,0,"The Party jailed Chadrel Rinpoche, the abbot who led the search.",,,,
C072,2,1,0,"In November it staged a lottery with a golden urn and installed its own candidate, Gyaincain Norbu.",,,,
C072,3,1,0,Gedhun has not appeared in public since 1995.,,,,
C072,4,1,0,"In 2020 Congress passed the Tibetan Policy and Support Act, which states that the choice of the next Dalai Lama belongs to Tibetan Buddhists alone.",,,,
C073,0,1,0,Congress had pressed for his visa by votes of 396 to 0 in the House and 97 to 1 in the Senate.,,,,
C073,1,1,0,"The Party answered with missile tests in the waters off Taiwan in July 1995 and again in March 1996, days before the island's first direct presidential election.",,,,
C073,2,0,0,"Bill Clinton sent two aircraft carrier groups to the area, and Lee won the election.",,,,
C074,0,1,0,"Chung said the money came from Liu Chaoying, a state aerospace executive and the daughter of the army's senior general.",,,,
C074,1,0,0,He pleaded guilty to campaign finance violations.,,,,
C074,2,1,0,"The Senate Governmental Affairs Committee reported in 1998 that Party officials had planned to influence American elections, and its minority disputed how far the plan went.",,,,
C074,3,1,0,The Democratic National Committee returned about $2.8 million in questionable donations and then called donors with Asian surnames to question their citizenship.,,,,
C075,0,1,0,A Long March 3B had crashed on launch at Xichang in February 1996 with a Loral satellite aboard.,,,,
C075,1,0,0,"Loral and Hughes engineers shared failure analyses with Chinese rocket engineers after that crash and an earlier one, and the State Department charged both companies with exporting controlled data without a license.",,,,
C075,2,1,0,Congress returned commercial satellites to the Munitions List in 1999.,,,,
C075,3,1,0,"Loral paid $14 million in 2002, and Boeing paid $32 million in 2003 for violations at the Hughes unit it had bought.",,,,
C076,0,1,0,"The freighter had run aground off Queens in June 1993, and ten of its passengers drowned.",,,,
C076,1,0,0,Many survivors sought asylum because the Party's birth planning officials had sterilized them or their wives or had threatened to.,,,,
C076,2,1,0,Immigration judges split on such claims until Congress acted in 1996.,,,,
C076,3,1,0,Section 601 of the Illegal Immigration Reform and Immigrant Responsibility Act defined forced abortion and sterilization as persecution on account of political opinion.,,,,
C077,0,1,0,Martin Scorsese's film about the Dalai Lama's youth had drawn warnings from Party officials before its release in December 1997.,,,,
C077,1,0,0,"Disney released it in a small number of theaters, and the Party froze Disney's business on the mainland.",,,,
C077,2,0,0,"Disney hired Henry Kissinger's consulting firm to repair the relationship, and Eisner's apology followed.",,,,
C078,0,0,0,The Party released him on medical parole two weeks after Jiang Zemin's state visit to Washington and sent him abroad rather than home.,,,,
C078,1,1,0,In April 1998 it sent the student leader Wang Dan to the United States two months before Bill Clinton's visit to the mainland.,,,,
C078,2,0,0,Neither man could return.,,,,
C078,3,1,0,"After Clinton left, courts sentenced the founders of the China Democracy Party to long prison terms.",,,,
C079,0,1,0,"A B-2 bomber had struck the People's Republic's embassy in Belgrade with guided bombs during NATO's war over Kosovo, and the strike killed three Chinese journalists.",,,,
C079,1,0,0,The CIA had marked the building from outdated maps as a Yugoslav military supply office.,,,,
C079,2,0,0,"The Party bused students to the American embassy and consulates, and protesters burned the consul general's residence in Chengdu.",,,,
C079,3,1,0,Washington apologized and paid $4.5 million to the victims' families and $28 million for the damage to the embassy.,,,,
C080,0,1,0,"The ban followed on July 20, 1999.",,,,
C080,1,1,0,"The 610 Office then ran arrests, forced conversion classes and camps for practitioners.",,,,
C080,2,0,0,The Ministry of Public Security built the Golden Shield Project in the same years to link surveillance and police databases across the country.,,,,
C080,3,1,0,Falun Gong practitioners sued Cisco in 2011 and alleged that the company built features into Golden Shield to identify and track them.,,,,
C080,4,1,0,"The Ninth Circuit let most claims proceed on July 7, 2023, and Cisco asked the Supreme Court to review the ruling.",,,,
C081,0,1,0,"Lee, a Los Alamos scientist born in Taiwan, had spent 278 days in solitary confinement after investigators named him in the search for a leak of W88 warhead data.",,,,
C081,1,1,0,Prosecutors charged him with 59 counts of mishandling classified files and never charged him with espionage.,,,,
C081,2,0,0,He pleaded guilty to one count and went free that day.,,,,
C081,3,1,0,In 2006 the government and five news organizations paid him about $1.6 million to settle his privacy suit.,,,,
C082,0,1,0,"The House passed permanent normal trade relations 237 to 197 on May 24, 2000, and the Senate followed 83 to 15.",,,,
C082,1,0,0,The same act created the Congressional-Executive Commission on China to monitor human rights and the rule of law.,,,,
C082,2,1,0,"The People's Republic joined the World Trade Organization on December 11, 2001.",,,,
C082,3,1,0,Economists later estimated that the surge of imports cost the United States 2.0 to 2.4 million jobs from 1999 to 2011.,,,,
C083,0,0,0,"The fighter's pilot, Wang Wei, died in the collision.",,,,
C083,1,1,0,"The Party held the twenty-four crew members for eleven days and released them after Washington delivered a letter that said sorry twice, once for his death and once for the landing without clearance.",,,,
C083,2,0,0,"The crew had destroyed part of the plane's classified equipment and data before landing, and a Navy review found the destruction incomplete.",,,,
C083,3,1,0,The Party returned the aircraft in pieces aboard a Russian cargo plane that July.,,,,
C084,0,1,0,The Party had sought the listing since the September 11 attacks and used it to cast Uyghur dissent as terrorism.,,,,
C084,1,0,0,American forces had already captured twenty-two Uyghur men in Afghanistan and Pakistan and sent them to Guantánamo.,,,,
C084,2,0,0,"The military cleared them in the years after, but none could go home without risk of torture, and they waited years for third countries to take them.",,,,
C084,3,1,0,In November 2020 the State Department removed the group from its Terrorist Exclusion List and said no credible evidence showed it had existed for more than a decade.,,,,
C085,0,1,0,Minister Zhang Wenkang had told reporters on April 3 that the city had twelve cases.,,,,
C085,1,1,0,"Time magazine published Jiang's account, and on April 20 the Party fired Zhang and the mayor of Beijing as the city's reported count jumped from 37 to 339.",,,,
C085,2,1,0,The virus had spread from Guangdong since November 2002 while officials suppressed reports.,,,,
C085,3,1,0,It reached about thirty countries and killed 774 people.,,,,
C085,4,1,0,In 2004 the army detained Jiang for seven weeks after he urged the Party to reassess June 4.,,,,
C086,0,1,0,"He passed what he found to Army counterintelligence and the FBI, and Sandia fired him in January 2005 for sharing it.",,,,
C086,1,0,0,"Investigators called the campaign Titan Rain, and it had reached networks at defense contractors, Army commands and NASA.",,,,
C086,2,1,0,In 2007 a New Mexico jury awarded Carpenter $4.7 million against Sandia.,,,,
C087,0,0,0,Yahoo's Hong Kong subsidiary gave state security the account information that tied the email to him.,,,,
C087,1,1,0,A court in Changsha sentenced him to ten years in April 2005 for leaking state secrets.,,,,
C087,2,1,0,"In November 2007 Representative Tom Lantos told Yahoo's leaders at a hearing that they were moral pygmies, and that month Yahoo settled a suit that the families of Shi and another jailed writer had brought.",,,,
C088,0,0,0,"CNOOC's parent was a state company, and state banks supplied cheap loans for the offer.",,,,
C088,1,1,0,"The House voted 398 to 15 for a resolution that the sale would threaten national security, and Congress wrote a delay into the energy bill.",,,,
C088,2,1,0,"CNOOC withdrew on August 2, and Unocal went to Chevron.",,,,
C089,0,1,0,The missile rose from the Xichang area on January 11 and struck the retired Fengyun-1C at about 865 kilometers.,,,,
C089,1,1,0,The Party said nothing for twelve days.,,,,
C089,2,0,0,"The strike left more than three thousand trackable fragments, the largest debris cloud on record, and much of it will orbit for decades.",,,,
C089,3,1,0,"The Party formed the Strategic Support Force in 2015 to fight in space and cyberspace, and in 2024 it split that force into separate aerospace, cyber and information arms.",,,,
C090,0,1,0,"Sanlu, a dairy partly owned by New Zealand's Fonterra, had received complaints about sick infants since late 2007 and kept selling.",,,,
C090,1,0,0,Local officials held the news through the Beijing Olympics.,,,,
C090,2,1,0,"The formula sickened about 300,000 infants and killed six.",,,,
C090,3,1,0,A year earlier melamine in wheat gluten and rice protein from two mainland suppliers had killed pets across the United States and forced the recall of more than 60 million packages of pet food.,,,,
C091,0,0,0,"The chemical, oversulfated chondroitin sulfate, mimicked heparin in the standard tests and cost a fraction of the real drug.",,,,
C091,1,0,0,"Baxter recalled its heparin, and the agency linked the contaminated product to dozens of deaths and hundreds of severe reactions.",,,,
C091,2,0,0,The agency had never inspected the Changzhou plant before the crisis because it had confused its name with another site.,,,,
C091,3,0,0,Officials of the People's Republic denied that the contaminant caused any deaths.,,,,
C092,0,0,0,The relay reached the city weeks after the Party crushed protests in Lhasa.,,,,
C092,1,0,0,"Officials rerouted it without notice to avoid the crowds, and the closing ceremony moved to the airport.",,,,
C092,2,0,0,"Campus associations brought thousands of students to wave the national flag along the route, beside Tibetan and human rights protesters.",,,,
C092,3,0,0,"The flame's guards, a unit of the People's Armed Police in blue tracksuits, ran beside it in every city.",,,,
C093,0,1,0,Builders had installed drywall from the People's Republic in thousands of homes after the hurricanes of 2004 and 2005.,,,,
C093,1,0,0,"The boards released sulfur gases that corroded wiring and appliances, and many families left their homes.",,,,
C093,2,0,0,"Taishan, a subsidiary of a state-owned building materials group, defaulted and then argued that its parent enjoyed sovereign immunity.",,,,
C093,3,1,0,"The court rejected the claim, and Taishan agreed in 2019 to pay $248 million.",,,,
C094,0,0,0,"At least twenty other companies had faced the same campaign, which the security firm McAfee named Aurora.",,,,
C094,1,1,0,Google stopped censoring its search results on the mainland and moved the service to Hong Kong in March.,,,,
C094,2,1,0,"Former officials said in 2013 that the intruders had reached Google's records of American surveillance orders, which could reveal which of the Party's agents the FBI was watching.",,,,
C095,0,1,0,"Liu had helped write Charter 08, a call for constitutional government that more than ten thousand people signed, and a court sentenced him to eleven years for inciting subversion.",,,,
C095,1,0,0,"The Party pressed governments to stay away from the ceremony, and about eighteen did.",,,,
C095,2,0,0,It froze relations with Norway for six years and held his wife Liu Xia under house arrest without charge.,,,,
C095,3,1,0,"Liu died in custody of liver cancer on July 13, 2017.",,,,
C096,0,1,0,"The woman who placed the ad introduced him to intelligence officers of the People's Republic, who paid him more than $70,000 over several years.",,,,
C096,1,0,0,At their direction he applied to the State Department's Foreign Service and then to the CIA's clandestine service.,,,,
C096,2,1,0,He pleaded guilty in October 2010 and received a sentence of 48 months in January 2011.,,,,
C096,3,0,0,The FBI later made his case into a training film called Game of Pawns.,,,,
C097,0,1,0,Chen had exposed forced abortions and sterilizations in Linyi in 2005 and served more than four years in prison.,,,,
C097,1,1,0,"Friends drove him to Beijing, and American diplomats brought him into the embassy on April 26.",,,,
C097,2,1,0,"He left on May 2 under a deal that let him study law on the mainland, and within hours he said he feared for his family and wanted to leave.",,,,
C097,3,1,0,The Party let him fly to New York on May 19.,,,,
C098,0,1,0,"In April 2012 the Philippine navy had found mainland fishing boats inside Scarborough Shoal, and maritime surveillance ships of the People's Republic moved in to block any arrest.",,,,
C098,1,1,0,American diplomats brokered what they described as a mutual withdrawal in June.,,,,
C098,2,0,0,"The Philippine ships left, and the mainland ships stayed.",,,,
C098,3,1,0,"On July 12, 2016, the tribunal found no legal basis for historic rights inside the nine-dash line.",,,,
C098,4,0,0,The Party called the award null and void.,,,,
C099,0,0,0,"Tohti taught at Minzu University and ran Uyghur Online, a website that carried debate between Uyghurs and Han Chinese about policy in Xinjiang.",,,,
C099,1,1,0,"A court in Urumqi sentenced him to life in prison for separatism in September 2014, and seven of his students received prison terms.",,,,
C099,2,1,0,He won the Václav Havel Prize and the Sakharov Prize in 2019.,,,,
C099,3,0,0,Mass detention of Uyghurs in camps began about three years after his trial.,,,,
C100,0,0,0,The same day he and Barack Obama agreed that neither government would conduct or knowingly support cyber theft of intellectual property for commercial advantage.,,,,
C100,1,1,0,Security firms reported fewer commercial intrusions from mainland groups in the months after.,,,,
C100,2,1,0,"By 2018 the Party had placed antiship and antiaircraft missiles on Fiery Cross, Subi and Mischief reefs.",,,,
C100,3,1,0,In December 2018 the Justice Department charged two hackers who worked with the Ministry of State Security in the APT10 campaign against American companies.,,,,
C101,0,0,0,"Mo directed international business for the Beijing Dabeinong Technology Group, whose subsidiary Kings Nower Seed sold corn seed on the mainland.",,,,
C101,1,0,0,He and others took inbred seed from fields that grew the parent lines of DuPont Pioneer and Monsanto hybrids and bought farms in Iowa and Illinois during the scheme.,,,,
C101,2,0,0,Investigators found seed hidden in microwave popcorn boxes.,,,,
C101,3,1,0,"Mo pleaded guilty on January 27, 2016, and received 36 months in October.",,,,
C102,0,0,0,"Sun wanted the exiled businessman Guo Wengui removed from the United States, and the fundraiser Elliott Broidy brokered the approach.",,,,
C102,1,1,0,Wynn pressed the request with the President and other officials until October 2017.,,,,
C102,2,1,0,Broidy pleaded guilty in 2020 to a related charge and received a pardon in January 2021.,,,,
C102,3,1,0,"The Justice Department sued in 2022 to force Wynn to register as a foreign agent, and the courts dismissed the suit.",,,,
C102,4,1,0,"The appeals court held on June 14, 2024 that the duty to register ended when the representation ended.",,,,
C103,0,0,0,"Xu, a deputy division director in the Ministry of State Security, had come to collect design data on GE Aviation's composite fan module for jet engines.",,,,
C103,1,0,0,The GE engineer he had cultivated was working with the company and the FBI.,,,,
C103,2,1,0,"Belgium extradited Xu, and a jury convicted him of economic espionage and trade secret conspiracies in November 2021.",,,,
C103,3,1,0,He received 20 years in November 2022.,,,,
C103,4,1,0,"Xu had also directed Ji Chaoqun, a student in Chicago who enlisted in the Army Reserve in 2016, and a jury convicted Ji in September 2022.",,,,
C104,0,1,0,"Lee had left the agency in 2007, and in August 2012 FBI agents found notebooks in his Honolulu hotel room with the true names of CIA assets and their meeting places.",,,,
C104,1,1,0,"Between 2010 and 2012 the Party's security services killed or imprisoned as many as twenty CIA sources on the mainland, according to reporting in 2017.",,,,
C104,2,1,0,The FBI arrested Lee in January 2018.,,,,
C104,3,1,0,He pleaded guilty to conspiracy to deliver national defense information and received 19 years in November 2019.,,,,
C105,0,1,0,ZTE had pleaded guilty in 2017 to shipping American technology to Iran and North Korea and had paid $1.19 billion.,,,,
C105,1,0,0,Commerce found that it had then lied about disciplining the employees responsible.,,,,
C105,2,0,0,Without American chips the company halted major operations within weeks.,,,,
C105,3,1,0,"In June the administration settled for a $1 billion fine, $400 million in escrow and new leadership, and a Senate attempt to restore the ban died in conference.",,,,
C106,0,0,0,A week earlier China Daily had paid for a four-page supplement in the Register that warned Iowa farmers about the costs of the trade war.,,,,
C106,1,1,0,"The Party's retaliatory tariffs that July had hit soybeans and other farm goods, and analysts found them aimed at counties that had voted for the President in 2016.",,,,
C106,2,1,0,Soybean exports to the mainland fell from about $12 billion in 2017 to about $3 billion in 2018.,,,,
C106,3,1,0,The Agriculture Department announced about $28 billion in aid for farmers over two years.,,,,
C107,0,0,0,"Meng, Huawei's chief financial officer, faced American charges of bank fraud tied to sanctions on Iran.",,,,
C107,1,1,0,"The Party detained Michael Spavor the same week and held both men for 1,019 days.",,,,
C107,2,1,0,A court sentenced Spavor to eleven years for espionage in August 2021.,,,,
C107,3,1,0,"Meng reached a deferred prosecution agreement with the Justice Department on September 24, 2021.",,,,
C107,4,0,0,"She flew home, and the two Michaels flew to Canada within hours.",,,,
C108,0,1,0,The step followed a pledge at the Buenos Aires summit of December 2018.,,,,
C108,1,0,0,Direct shipments of finished fentanyl to the United States fell.,,,,
C108,2,0,0,"Suppliers shifted to precursor chemicals that the rule did not cover, and Mexican cartels made the drug from them.",,,,
C108,3,1,0,"Deaths from synthetic opioids in the United States passed 70,000 a year in 2021 and 2022.",,,,
C108,4,1,0,In November 2023 the Party agreed to curb precursor exports.,,,,
C108,5,1,0,A House select committee reported in 2024 that the state had paid export tax rebates on some of the same chemicals.,,,,
C109,0,1,0,"Prosecutors said Jin and others fabricated evidence that the meetings broke the terms of service, created fake accounts in dissidents' names and passed users' names and email addresses to officials of the People's Republic.",,,,
C109,1,0,0,"At least four meetings went dark, and many participants lived in the United States, some in Queens and on Long Island.",,,,
C109,2,1,0,"The Justice Department charged Jin on December 18, 2020.",,,,
C109,3,0,0,He remains outside American custody.,,,,
C110,0,0,0,The foreign ministry cited a headline on an opinion essay that called the People's Republic the real sick man of Asia.,,,,
C110,1,1,0,"A day earlier the State Department had designated five state media outlets as foreign missions, and in March it capped the number of mainland citizens they could employ in the United States.",,,,
C110,2,1,0,"On March 17 the Party expelled about a dozen American reporters from the New York Times, the Journal and the Washington Post and barred them from working in Hong Kong.",,,,
C111,0,0,0,"The Corps grew into a state within the region that runs its own cities, courts and police.",,,,
C111,1,0,0,It grows a large share of Xinjiang's cotton and settled Han migrants across Uyghur lands for decades.,,,,
C111,2,1,0,"The Treasury Department sanctioned the Corps and two of its officials on July 31, 2020 for serious human rights abuse.",,,,
C111,3,1,0,In December customs officers began to hold its cotton at the border.,,,,
C112,0,1,0,"Researchers at the Federation of American Scientists found about 110 more near Hami weeks later, and a third field appeared near Ordos.",,,,
C112,1,1,0,"The Pentagon estimated that the Party's arsenal passed 600 operational warheads by mid-2024 and would exceed 1,000 by 2030.",,,,
C112,2,0,0,For decades the Party had kept a small force and a pledge of no first use as proof of restraint.,,,,
C113,0,0,0,"Censors deleted the post within about half an hour, and Peng vanished from public view.",,,,
C113,1,0,0,State media then released an email in her name that retracted the claim.,,,,
C113,2,1,0,"On December 1 the WTA's chief executive Steve Simon suspended all tournaments on the mainland, a decision that cost the tour its richest market.",,,,
C113,3,0,0,The International Olympic Committee held video calls with her before the Beijing Games and accepted her assurances.,,,,
C113,4,1,0,The WTA returned in 2023 without the investigation it had demanded.,,,,
C114,0,0,0,The Act presumes that goods made wholly or in part in Xinjiang involve forced labor and bars them unless an importer proves otherwise by clear and convincing evidence.,,,,
C114,1,0,0,The same presumption covers companies on a published entity list.,,,,
C114,2,1,0,"The presumption took effect on June 21, 2022.",,,,
C114,3,0,0,"Customs officers have since held thousands of shipments of solar parts, apparel and other goods.",,,,
C115,0,1,0,Evergrande had defaulted on its dollar bonds in December 2021 with liabilities of more than $300 billion.,,,,
C115,1,0,0,It had sold about a million and a half homes before building them.,,,,
C115,2,1,0,In 2022 buyers in scores of cities stopped paying mortgages on unfinished apartments.,,,,
C115,3,1,0,"The company sought protection in a New York bankruptcy court in August 2023, and police detained its founder the next month.",,,,
C115,4,0,0,American fund managers held some of its dollar bonds.,,,,
C116,0,0,0,"Police detained him within minutes, and he has not appeared in public since.",,,,
C116,1,0,0,"His slogans spread from phone to phone by AirDrop, which lets nearby devices share files without a network.",,,,
C116,2,1,0,In November Apple limited AirDrop's open setting to ten minutes on phones sold in the People's Republic.,,,,
C116,3,1,0,"After a fire in Urumqi killed at least ten people on November 24, protests spread to more than a dozen cities, and demonstrators held up blank sheets of paper.",,,,
C117,0,1,0,"Fufeng Group of Shandong had bought about 370 acres twelve miles from the base, which hosts drone and space communications units.",,,,
C117,1,1,0,CFIUS had concluded in December 2022 that it lacked jurisdiction over the purchase.,,,,
C117,2,1,0,The city council voted in February 2023 to stop the project.,,,,
C117,3,1,0,"Treasury later brought land near the base under review, and a rule of November 2024 added 59 more installations to the list.",,,,
C118,0,0,0,Police had raided the American due diligence firm's Beijing office days earlier and detained its five local employees.,,,,
C118,1,1,0,In April security officers questioned staff at Bain's Shanghai office.,,,,
C118,2,1,0,In May state television accused the expert network Capvision of helping foreign spies.,,,,
C118,3,1,0,"The revised Counter-Espionage Law took effect on July 1, 2023, and widened espionage to cover documents and data related to national security.",,,,
C118,4,1,0,The city's statistics bureau fined Mintz about $1.5 million in August.,,,,
C119,0,1,0,"DeepSeek had released its R1 reasoning model on January 20, 2025, and its app soon topped the American download charts.",,,,
C119,1,1,0,"On January 27 Nvidia lost about $589 billion in market value, the largest one-day loss for any company in American market history.",,,,
C119,2,1,0,"DeepSeek's privacy policy stores user data on servers in the People's Republic, where the 2017 National Intelligence Law requires organizations to assist state intelligence work.",,,,
C119,3,0,0,"The committee found that the model steered most answers on democracy, Taiwan and human rights toward the Party's line, and federal agencies and several states barred it from government devices.",,,,
C120,0,0,0,The escorts held security clearances but often lacked the skill to judge the commands they entered for the engineers.,,,,
C120,1,0,0,Microsoft had run the arrangement for nearly a decade.,,,,
C120,2,0,0,"After the report the company stopped using engineers in the People's Republic for Pentagon work, and the defense secretary ordered an outside audit.",,,,
C120,3,1,0,"The defense policy law signed in December 2025 barred people from the People's Republic, Russia, Iran and North Korea from access to Pentagon cloud systems.",,,,
